{
  "report_id": "perf_report_1753405932",
  "generation_time": "2025-07-24T20:12:12.388016",
  "time_period": "Last 1 hours",
  "total_operations": 8,
  "successful_operations": 8,
  "failed_operations": 0,
  "avg_duration": 0.21500122547149658,
  "median_duration": 5.4001808166503906e-05,
  "p95_duration": 1.1160980820655813,
  "avg_efficiency_score": 1.0051474771499633,
  "avg_cpu_usage": 86.9875,
  "peak_cpu_usage": 100.0,
  "avg_memory_usage": 15790.166015625,
  "peak_memory_usage": 15837.99609375,
  "model_rankings": {
    "mock": 1.0137104642958867
  },
  "fastest_models": [
    [
      "mock",
      0.9999796345120384
    ]
  ],
  "most_efficient_models": [
    [
      "mock",
      1.0137104642958867
    ]
  ],
  "most_reliable_models": [
    [
      "mock",
      1.0
    ]
  ],
  "bottlenecks": [],
  "optimization_recommendations": [],
  "performance_trend": "stable",
  "trend_confidence": 0.2
}